{
  "search_google": {
    "precision": 1.0,
    "recall": 1.0,
    "f1-score": 1.0,
    "support": 1,
    "confused_with": {}
  },
  "bot": {
    "precision": 1.0,
    "recall": 1.0,
    "f1-score": 1.0,
    "support": 1,
    "confused_with": {}
  },
  "out_of_scope": {
    "precision": 0.75,
    "recall": 0.75,
    "f1-score": 0.75,
    "support": 4,
    "confused_with": {
      "question": 1
    }
  },
  "goodbye": {
    "precision": 1.0,
    "recall": 0.5,
    "f1-score": 0.6666666666666666,
    "support": 2,
    "confused_with": {
      "question": 1
    }
  },
  "start": {
    "precision": 1.0,
    "recall": 0.5,
    "f1-score": 0.6666666666666666,
    "support": 2,
    "confused_with": {
      "out_of_scope": 1
    }
  },
  "question": {
    "precision": 0.8,
    "recall": 1.0,
    "f1-score": 0.888888888888889,
    "support": 8,
    "confused_with": {}
  },
  "accuracy": 0.8333333333333334,
  "macro avg": {
    "precision": 0.9249999999999999,
    "recall": 0.7916666666666666,
    "f1-score": 0.8287037037037037,
    "support": 18
  },
  "weighted avg": {
    "precision": 0.8555555555555556,
    "recall": 0.8333333333333334,
    "f1-score": 0.8209876543209877,
    "support": 18
  }
}